Gender,Age,Debt,MaritalStatus,EmploymentStatus,EducationLevel,HousingStatus,YearsEmployed,HasCreditCard,HasMortgage,CreditScore,HasOtherLoans,ResidentialArea,CreditBalance,ApprovalStatus
Male,30.83,0.0,Unmarried,Government,WorkExperience,Owned,1.25,Yes,Yes,1,No,Urban,0,Approved
Female,58.67,4.46,Unmarried,Government,Qualification,Rented,3.04,Yes,Yes,6,No,Urban,560,Approved
Female,24.5,0.5,Unmarried,Government,Qualification,Rented,1.5,Yes,No,0,No,Urban,824,Approved
Male,27.83,1.54,Unmarried,Government,WorkExperience,Owned,3.75,Yes,Yes,5,Yes,Urban,3,Approved
Male,20.17,5.625,Unmarried,Government,WorkExperience,Owned,1.71,Yes,No,0,No,Suburban,0,Approved
Male,32.08,4.0,Unmarried,Government,Masters,Owned,2.5,Yes,No,0,Yes,Urban,0,Approved
Male,33.17,1.04,Unmarried,Government,Research,Rented,6.5,Yes,No,0,Yes,Urban,31285,Approved
Female,22.92,11.585,Unmarried,Government,CommunityCollege,Owned,0.04,Yes,No,0,No,Urban,1349,Approved
Male,54.42,0.5,Married,Private,Kindergarten,Rented,3.96,Yes,No,0,No,Urban,314,Approved
Male,42.5,4.915,Married,Private,WorkExperience,Owned,3.165,Yes,No,0,Yes,Urban,1442,Approved
Male,22.08,0.83,Unmarried,Government,College,Rented,2.165,No,No,0,Yes,Urban,0,Approved
Male,29.92,1.835,Unmarried,Government,College,Rented,4.335,Yes,No,0,No,Urban,200,Approved
Female,38.25,6.0,Unmarried,Government,Kindergarten,Owned,1.0,Yes,No,0,Yes,Urban,0,Approved
Male,48.08,6.04,Unmarried,Government,Kindergarten,Owned,0.04,No,No,0,No,Urban,2690,Approved
Female,45.83,10.5,Unmarried,Government,Qualification,Owned,5.0,Yes,Yes,7,Yes,Urban,0,Approved
Male,36.67,4.415,Married,Private,Kindergarten,Owned,0.25,Yes,Yes,10,Yes,Urban,0,Approved
Male,28.25,0.875,Unmarried,Government,Masters,Owned,0.96,Yes,Yes,3,Yes,Urban,0,Approved
Female,23.25,5.875,Unmarried,Government,Qualification,Owned,3.17,Yes,Yes,10,No,Urban,245,Approved
Male,21.83,0.25,Unmarried,Government,Diploma,Rented,0.665,Yes,No,0,Yes,Urban,0,Approved
Female,19.17,8.585,Unmarried,Government,CommunityCollege,Rented,0.75,Yes,Yes,7,No,Urban,0,Approved
Male,25.0,11.25,Unmarried,Government,College,Owned,2.5,Yes,Yes,17,No,Urban,1208,Approved
Male,23.25,1.0,Unmarried,Government,College,Owned,0.835,Yes,No,0,No,Suburban,0,Approved
Female,47.75,8.0,Unmarried,Government,College,Owned,7.875,Yes,Yes,6,Yes,Urban,1260,Approved
Female,27.42,14.5,Unmarried,Government,Other,Rented,3.085,Yes,Yes,1,No,Urban,11,Approved
Female,41.17,6.5,Unmarried,Government,Qualification,Owned,0.5,Yes,Yes,3,Yes,Urban,0,Approved
Female,15.83,0.585,Unmarried,Government,College,Rented,1.5,Yes,Yes,2,No,Urban,0,Approved
Female,47.0,13.0,Unmarried,Government,Intermediate,Boarded,5.165,Yes,Yes,9,Yes,Urban,0,Approved
Male,56.58,18.5,Unmarried,Government,Diploma,Boarded,15.0,Yes,Yes,17,Yes,Urban,0,Approved
Male,57.42,8.5,Unmarried,Government,Elementary,Rented,7.0,Yes,Yes,3,No,Urban,0,Approved
Male,42.08,1.04,Unmarried,Government,WorkExperience,Owned,5.0,Yes,Yes,6,Yes,Urban,10000,Approved
Male,29.25,14.79,Unmarried,Government,Associate,Owned,5.04,Yes,Yes,5,Yes,Urban,0,Approved
Male,42.0,9.79,Unmarried,Government,Other,Rented,7.96,Yes,Yes,8,No,Urban,0,Approved
Male,49.5,7.585,Unmarried,Government,Intermediate,Boarded,7.585,Yes,Yes,15,Yes,Urban,5000,Approved
Female,36.75,5.125,Unmarried,Government,Elementary,Owned,5.0,Yes,No,0,Yes,Urban,4000,Approved
Female,22.58,10.75,Unmarried,Government,Qualification,Owned,0.415,Yes,Yes,5,Yes,Urban,560,Approved
Male,27.83,1.5,Unmarried,Government,WorkExperience,Owned,2.0,Yes,Yes,11,Yes,Urban,35,Approved
Male,27.25,1.585,Unmarried,Government,CommunityCollege,Rented,1.835,Yes,Yes,12,Yes,Urban,713,Approved
Female,23.0,11.75,Unmarried,Government,Other,Rented,0.5,Yes,Yes,2,Yes,Urban,551,Approved
Male,27.75,0.585,Married,Private,CommunityCollege,Owned,0.25,Yes,Yes,2,No,Urban,500,Approved
Male,54.58,9.415,Unmarried,Government,Fellowship,Freehold,14.415,Yes,Yes,11,Yes,Urban,300,Approved
Male,34.17,9.17,Unmarried,Government,College,Owned,4.5,Yes,Yes,12,Yes,Urban,221,Approved
Male,28.92,15.0,Unmarried,Government,College,Rented,5.335,Yes,Yes,11,No,Urban,2283,Approved
Male,29.67,1.415,Unmarried,Government,WorkExperience,Rented,0.75,Yes,Yes,1,No,Urban,100,Approved
Male,39.58,13.915,Unmarried,Government,WorkExperience,Owned,8.625,Yes,Yes,6,Yes,Urban,0,Approved
Male,56.42,28.0,Married,Private,College,Owned,28.5,Yes,Yes,40,No,Urban,15,Approved
Male,54.33,6.75,Unmarried,Government,College,Rented,2.625,Yes,Yes,11,Yes,Urban,284,Approved
Female,41.0,2.04,Married,Private,Qualification,Rented,0.125,Yes,Yes,23,Yes,Urban,1236,Approved
Male,31.92,4.46,Unmarried,Government,CommunityCollege,Rented,6.04,Yes,Yes,3,No,Urban,300,Approved
Male,41.5,1.54,Unmarried,Government,Intermediate,Boarded,3.5,No,No,0,No,Urban,0,Approved
Male,23.92,0.665,Unmarried,Government,College,Owned,0.165,No,No,0,No,Urban,0,Approved
Female,25.75,0.5,Unmarried,Government,College,Rented,0.875,Yes,No,0,Yes,Urban,0,Approved
Male,26.0,1.0,Unmarried,Government,Qualification,Owned,1.75,Yes,No,0,Yes,Urban,0,Approved
Male,37.42,2.04,Unmarried,Government,WorkExperience,Owned,0.04,Yes,No,0,Yes,Urban,5800,Approved
Male,34.92,2.5,Unmarried,Government,WorkExperience,Owned,0.0,Yes,No,0,Yes,Urban,200,Approved
Male,34.25,3.0,Unmarried,Government,CommunityCollege,Rented,7.415,Yes,No,0,Yes,Urban,0,Approved
Male,23.33,11.625,Married,Private,WorkExperience,Owned,0.835,Yes,No,0,Yes,Urban,300,Approved
Male,23.17,0.0,Unmarried,Government,CommunityCollege,Owned,0.085,Yes,No,0,No,Urban,0,Approved
Male,44.33,0.5,Unmarried,Government,Intermediate,Rented,5.0,Yes,No,0,Yes,Urban,0,Approved
Male,35.17,4.5,Unmarried,Government,Other,Rented,5.75,No,No,0,Yes,Suburban,0,Approved
Male,43.25,3.0,Unmarried,Government,Qualification,Rented,6.0,Yes,Yes,11,No,Urban,0,Approved
Male,56.75,12.25,Unmarried,Government,Masters,Owned,1.25,Yes,Yes,4,Yes,Urban,0,Approved
Male,31.67,16.165,Unmarried,Government,Diploma,Owned,3.0,Yes,Yes,9,No,Urban,730,Approved
Female,23.42,0.79,Married,Private,Qualification,Owned,1.5,Yes,Yes,2,Yes,Urban,400,Approved
Female,20.42,0.835,Unmarried,Government,Qualification,Owned,1.585,Yes,Yes,1,No,Urban,0,Approved
Male,26.67,4.25,Unmarried,Government,CommunityCollege,Owned,4.29,Yes,Yes,1,Yes,Urban,0,Approved
Male,34.17,1.54,Unmarried,Government,CommunityCollege,Owned,1.54,Yes,Yes,1,Yes,Urban,50000,Approved
Female,36.0,1.0,Unmarried,Government,College,Owned,2.0,Yes,Yes,11,No,Urban,456,Approved
Male,25.5,0.375,Unmarried,Government,Masters,Owned,0.25,Yes,Yes,3,No,Urban,15108,Approved
Male,19.42,6.5,Unmarried,Government,WorkExperience,Rented,1.46,Yes,Yes,7,No,Urban,2954,Approved
Male,35.17,25.125,Unmarried,Government,Other,Rented,1.625,Yes,Yes,1,Yes,Urban,500,Approved
Male,32.33,7.5,Unmarried,Government,Elementary,Boarded,1.585,Yes,No,0,Yes,Suburban,0,NotApproved
Male,34.83,4.0,Unmarried,Government,Diploma,Boarded,12.5,Yes,No,0,Yes,Urban,0,NotApproved
Female,38.58,5.0,Unmarried,Government,CommunityCollege,Owned,13.5,Yes,No,0,Yes,Urban,0,NotApproved
Male,44.25,0.5,Unmarried,Government,Masters,Owned,10.75,Yes,No,0,No,Suburban,0,NotApproved
Male,44.83,7.0,Married,Private,College,Owned,1.625,No,No,0,No,Urban,2,NotApproved
Male,20.67,5.29,Unmarried,Government,Qualification,Owned,0.375,Yes,Yes,1,No,Urban,0,NotApproved
Male,34.08,6.5,Unmarried,Government,Associate,Owned,0.125,Yes,No,0,Yes,Urban,0,NotApproved
Female,19.17,0.585,Married,Private,Associate,Owned,0.585,Yes,No,0,Yes,Urban,0,NotApproved
Male,21.67,1.165,Married,Private,Kindergarten,Owned,2.5,Yes,Yes,1,No,Urban,20,NotApproved
Male,21.5,9.75,Unmarried,Government,College,Owned,0.25,Yes,No,0,No,Urban,0,NotApproved
Male,49.58,19.0,Unmarried,Government,Fellowship,Freehold,0.0,Yes,Yes,1,No,Urban,0,NotApproved
Female,27.67,1.5,Unmarried,Government,Masters,Owned,2.0,Yes,No,0,No,Suburban,0,NotApproved
Male,39.83,0.5,Unmarried,Government,Masters,Owned,0.25,Yes,No,0,No,Suburban,0,NotApproved
Female,28.46,3.5,Unmarried,Government,Diploma,Owned,3.0,Yes,No,0,Yes,Urban,0,NotApproved
Male,27.25,0.625,Unmarried,Government,Associate,Owned,0.455,Yes,No,0,Yes,Urban,0,NotApproved
Male,37.17,4.0,Unmarried,Government,College,Boarded,5.0,Yes,No,0,Yes,Suburban,0,NotApproved
Male,28.46,0.375,Unmarried,Government,Diploma,Owned,0.875,Yes,No,0,Yes,Suburban,0,NotApproved
Male,25.67,2.21,Married,Private,Associate,Owned,4.0,Yes,No,0,No,Urban,0,NotApproved
Male,34.0,4.5,Unmarried,Government,Associate,Owned,1.0,Yes,No,0,Yes,Urban,0,NotApproved
Female,49.0,1.5,Unmarried,Government,Junior,Joint,0.0,Yes,No,0,Yes,Urban,27,NotApproved
Male,62.5,12.75,Married,Private,College,Rented,5.0,Yes,No,0,No,Urban,0,NotApproved
Male,31.42,15.5,Unmarried,Government,College,Owned,0.5,Yes,No,0,No,Urban,0,NotApproved
Male,28.46,5.0,Married,Private,Associate,Owned,8.5,Yes,No,0,No,Urban,0,NotApproved
Male,52.33,1.375,Married,Private,College,Rented,9.46,Yes,No,0,Yes,Urban,100,NotApproved
Male,28.75,1.5,Married,Private,College,Owned,1.5,Yes,No,0,Yes,Urban,225,NotApproved
Female,28.58,3.54,Unmarried,Government,Intermediate,Boarded,0.5,Yes,No,0,Yes,Urban,0,NotApproved
Male,23.0,0.625,Married,Private,Associate,Owned,0.125,Yes,No,0,No,Urban,1,NotApproved
Male,28.46,0.5,Unmarried,Government,College,Boarded,0.835,Yes,No,0,Yes,Suburban,0,NotApproved
Female,22.5,11.0,Married,Private,Qualification,Owned,3.0,Yes,No,0,Yes,Urban,0,NotApproved
Female,28.5,1.0,Unmarried,Government,Qualification,Owned,1.0,Yes,Yes,2,Yes,Urban,500,NotApproved
Male,37.5,1.75,Married,Private,College,Boarded,0.25,Yes,No,0,Yes,Urban,400,NotApproved
Male,35.25,16.5,Married,Private,College,Owned,4.0,Yes,No,0,No,Urban,0,NotApproved
Male,18.67,5.0,Unmarried,Government,Qualification,Owned,0.375,Yes,Yes,2,No,Urban,38,NotApproved
Male,25.0,12.0,Unmarried,Government,Kindergarten,Owned,2.25,Yes,Yes,2,Yes,Urban,5,NotApproved
Male,27.83,4.0,Married,Private,Intermediate,Rented,5.75,Yes,Yes,2,Yes,Urban,0,NotApproved
Male,54.83,15.5,Unmarried,Government,Elementary,ZeroOwn,0.0,Yes,Yes,20,No,Urban,130,NotApproved
Male,28.75,1.165,Unmarried,Government,Kindergarten,Owned,0.5,Yes,No,0,No,Suburban,0,NotApproved
Female,25.0,11.0,Married,Private,Associate,Owned,4.5,Yes,No,0,No,Urban,0,NotApproved
Male,40.92,2.25,Married,Private,Other,Rented,10.0,Yes,No,0,Yes,Urban,0,NotApproved
Female,19.75,0.75,Unmarried,Government,College,Owned,0.795,Yes,Yes,5,Yes,Urban,5,NotApproved
Male,29.17,3.5,Unmarried,Government,WorkExperience,Owned,3.5,Yes,Yes,3,Yes,Urban,0,NotApproved
Female,24.5,1.04,Married,Private,Fellowship,Freehold,0.5,Yes,Yes,3,No,Urban,147,NotApproved
Male,24.58,12.5,Unmarried,Government,WorkExperience,Owned,0.875,Yes,No,0,Yes,Urban,0,NotApproved
Female,33.75,0.75,Unmarried,Government,Kindergarten,Boarded,1.0,Yes,Yes,3,Yes,Urban,0,NotApproved
Male,20.67,1.25,Married,Private,College,Rented,1.375,Yes,Yes,3,Yes,Urban,210,NotApproved
Female,25.42,1.125,Unmarried,Government,Qualification,Owned,1.29,Yes,Yes,2,No,Urban,0,NotApproved
Male,37.75,7.0,Unmarried,Government,Qualification,Rented,11.5,Yes,Yes,7,Yes,Urban,5,NotApproved
Male,52.5,6.5,Unmarried,Government,Kindergarten,Owned,6.29,Yes,Yes,15,No,Urban,11202,Approved
Male,57.83,7.04,Unmarried,Government,Masters,Owned,14.0,Yes,Yes,6,Yes,Urban,1332,Approved
Female,20.75,10.335,Unmarried,Government,CommunityCollege,Rented,0.335,Yes,Yes,1,Yes,Urban,50,Approved
Male,39.92,6.21,Unmarried,Government,Qualification,Owned,0.04,Yes,Yes,1,No,Urban,300,Approved
Male,25.67,12.5,Unmarried,Government,CommunityCollege,Owned,1.21,Yes,Yes,67,Yes,Urban,258,Approved
Female,24.75,12.5,Unmarried,Government,Associate,Owned,1.5,Yes,Yes,12,Yes,Urban,567,Approved
Female,44.17,6.665,Unmarried,Government,Qualification,Owned,7.375,Yes,Yes,3,Yes,Urban,0,Approved
Female,23.5,9.0,Unmarried,Government,Qualification,Owned,8.5,Yes,Yes,5,Yes,Urban,0,Approved
Male,34.92,5.0,Unmarried,Government,Other,Rented,7.5,Yes,Yes,6,Yes,Urban,1000,Approved
Male,47.67,2.5,Unmarried,Government,Masters,Boarded,2.5,Yes,Yes,12,Yes,Urban,2510,Approved
Male,22.75,11.0,Unmarried,Government,Qualification,Owned,2.5,Yes,Yes,7,Yes,Urban,809,Approved
Male,34.42,4.25,Unmarried,Government,Intermediate,Boarded,3.25,Yes,Yes,2,No,Urban,610,Approved
Female,28.42,3.5,Unmarried,Government,WorkExperience,Owned,0.835,Yes,No,0,No,Suburban,0,Approved
Male,67.75,5.5,Unmarried,Government,Elementary,ZeroOwn,13.0,Yes,Yes,1,Yes,Urban,0,Approved
Male,20.42,1.835,Unmarried,Government,College,Owned,2.25,Yes,Yes,1,No,Urban,150,Approved
Female,47.42,8.0,Unmarried,Government,Elementary,Boarded,6.5,Yes,Yes,6,No,Urban,51100,Approved
Male,36.25,5.0,Unmarried,Government,College,Boarded,2.5,Yes,Yes,6,No,Urban,367,Approved
Male,32.67,5.5,Unmarried,Government,Qualification,Rented,5.5,Yes,Yes,12,Yes,Urban,1000,Approved
Male,48.58,6.5,Unmarried,Government,Qualification,Rented,6.0,Yes,No,0,Yes,Urban,0,Approved
Male,39.92,0.54,Married,Private,Associate,Owned,0.5,Yes,Yes,3,No,Urban,1000,Approved
Male,33.58,2.75,Unmarried,Government,Masters,Owned,4.25,Yes,Yes,6,No,Urban,0,Approved
Female,18.83,9.5,Unmarried,Government,WorkExperience,Owned,1.625,Yes,Yes,6,Yes,Urban,600,Approved
Female,26.92,13.5,Unmarried,Government,Qualification,Rented,5.0,Yes,Yes,2,No,Urban,5000,Approved
Female,31.25,3.75,Unmarried,Government,CommunityCollege,Rented,0.625,Yes,Yes,9,Yes,Urban,0,Approved
Female,56.5,16.0,Unmarried,Government,Junior,Freehold,0.0,Yes,Yes,15,No,Urban,247,Approved
Male,43.0,0.29,Married,Private,CommunityCollege,Rented,1.75,Yes,Yes,8,No,Urban,375,Approved
Male,22.33,11.0,Unmarried,Government,WorkExperience,Owned,2.0,Yes,Yes,1,No,Urban,278,Approved
Male,27.25,1.665,Unmarried,Government,CommunityCollege,Rented,5.085,Yes,Yes,9,No,Urban,827,Approved
Male,32.83,2.5,Unmarried,Government,CommunityCollege,Rented,2.75,Yes,Yes,6,No,Urban,2072,Approved
Male,23.25,1.5,Unmarried,Government,Qualification,Owned,2.375,Yes,Yes,3,Yes,Urban,582,Approved
Female,40.33,7.54,Married,Private,Qualification,Rented,8.0,Yes,Yes,14,No,Urban,2300,Approved
Female,30.5,6.5,Unmarried,Government,College,Boarded,4.0,Yes,Yes,7,Yes,Urban,3065,Approved
Female,52.83,15.0,Unmarried,Government,College,Owned,5.5,Yes,Yes,14,No,Urban,2200,Approved
Female,46.67,0.46,Unmarried,Government,CommunityCollege,Rented,0.415,Yes,Yes,11,Yes,Urban,6,Approved
Female,58.33,10.0,Unmarried,Government,Qualification,Owned,4.0,Yes,Yes,14,No,Urban,1602,Approved
Male,37.33,6.5,Unmarried,Government,Masters,Rented,4.25,Yes,Yes,12,Yes,Urban,0,Approved
Male,23.08,2.5,Unmarried,Government,College,Owned,1.085,Yes,Yes,11,Yes,Urban,2184,Approved
Male,32.75,1.5,Unmarried,Government,CommunityCollege,Rented,5.5,Yes,Yes,3,Yes,Urban,0,Approved
Female,21.67,11.5,Married,Private,Junior,Joint,0.0,Yes,Yes,11,Yes,Urban,0,Approved
Female,28.5,3.04,Married,Private,Other,Rented,2.54,Yes,Yes,1,No,Urban,0,Approved
Female,68.67,15.0,Unmarried,Government,Elementary,ZeroOwn,0.0,Yes,Yes,14,No,Urban,3376,Approved
Male,28.0,2.0,Unmarried,Government,Kindergarten,Rented,4.165,Yes,Yes,2,Yes,Urban,0,Approved
Male,34.08,0.08,Married,Private,Masters,Boarded,0.04,Yes,Yes,1,Yes,Urban,2000,Approved
Male,27.67,2.0,Unmarried,Government,Other,Rented,1.0,Yes,Yes,4,No,Urban,7544,Approved
Male,44.0,2.0,Unmarried,Government,Masters,Owned,1.75,Yes,Yes,2,Yes,Urban,15,Approved
Male,25.08,1.71,Unmarried,Government,Other,Owned,1.665,Yes,Yes,1,Yes,Urban,20,Approved
Male,32.0,1.75,Married,Private,Elementary,Rented,0.04,Yes,No,0,Yes,Urban,0,Approved
Female,60.58,16.5,Unmarried,Government,Qualification,Owned,11.0,Yes,No,0,Yes,Urban,10561,Approved
Female,40.83,10.0,Unmarried,Government,Qualification,Rented,1.75,Yes,No,0,No,Urban,837,Approved
Male,19.33,9.5,Unmarried,Government,Qualification,Owned,1.0,Yes,No,0,Yes,Urban,400,Approved
Female,32.33,0.54,Unmarried,Government,CommunityCollege,Owned,0.04,Yes,No,0,No,Urban,11177,Approved
Male,36.67,3.25,Unmarried,Government,Qualification,Rented,9.0,Yes,No,0,Yes,Urban,639,Approved
Male,37.5,1.125,Married,Private,Diploma,Owned,1.5,No,No,0,Yes,Urban,0,Approved
Female,25.08,2.54,Married,Private,Associate,Owned,0.25,Yes,No,0,Yes,Urban,0,Approved
Male,41.33,0.0,Unmarried,Government,College,Boarded,15.0,Yes,No,0,No,Urban,0,Approved
Male,56.0,12.5,Unmarried,Government,Kindergarten,Rented,8.0,Yes,No,0,Yes,Urban,2028,Approved
Female,49.83,13.585,Unmarried,Government,Kindergarten,Rented,8.5,Yes,No,0,Yes,Urban,0,Approved
Male,22.67,10.5,Unmarried,Government,Qualification,Rented,1.335,Yes,No,0,No,Urban,0,Approved
Male,27.0,1.5,Married,Private,WorkExperience,Owned,0.375,Yes,No,0,Yes,Urban,1065,Approved
Male,25.0,12.5,Unmarried,Government,Associate,Owned,3.0,Yes,No,0,Yes,Suburban,0,Approved
Female,26.08,8.665,Unmarried,Government,Associate,Owned,1.415,Yes,No,0,No,Urban,150,Approved
Female,18.42,9.25,Unmarried,Government,Qualification,Owned,1.21,Yes,Yes,4,No,Urban,540,Approved
Male,20.17,8.17,Unmarried,Government,Associate,Owned,1.96,Yes,Yes,14,No,Urban,158,Approved
Male,47.67,0.29,Unmarried,Government,College,Boarded,15.0,Yes,Yes,20,No,Urban,15000,Approved
Female,21.25,2.335,Unmarried,Government,Intermediate,Boarded,0.5,Yes,Yes,4,No,Suburban,0,Approved
Female,20.67,3.0,Unmarried,Government,Qualification,Owned,0.165,Yes,Yes,3,No,Urban,6,Approved
Female,57.08,19.5,Unmarried,Government,College,Owned,5.5,Yes,Yes,7,No,Urban,3000,Approved
Female,22.42,5.665,Unmarried,Government,Qualification,Owned,2.585,Yes,Yes,7,No,Urban,3257,Approved
Male,48.75,8.5,Unmarried,Government,College,Rented,12.5,Yes,Yes,9,No,Urban,1655,Approved
Male,40.0,6.5,Unmarried,Government,Associate,Boarded,3.5,Yes,Yes,1,No,Urban,500,Approved
Male,40.58,5.0,Unmarried,Government,College,Owned,5.0,Yes,Yes,7,No,Urban,3065,Approved
Female,28.67,1.04,Unmarried,Government,College,Owned,2.5,Yes,Yes,5,Yes,Urban,1430,Approved
Female,33.08,4.625,Unmarried,Government,Qualification,Rented,1.625,Yes,Yes,2,No,Urban,0,Approved
Male,21.33,10.5,Unmarried,Government,College,Owned,3.0,Yes,No,0,Yes,Urban,0,Approved
Male,42.0,0.205,Unmarried,Government,Intermediate,Rented,5.125,Yes,No,0,No,Urban,0,Approved
Male,41.75,0.96,Unmarried,Government,Other,Owned,2.5,Yes,No,0,No,Urban,600,Approved
Male,22.67,1.585,Married,Private,WorkExperience,Owned,3.085,Yes,Yes,6,No,Urban,0,Approved
Male,34.5,4.04,Married,Private,Intermediate,Boarded,8.5,Yes,Yes,7,Yes,Urban,0,Approved
Male,28.25,5.04,Married,Private,College,Boarded,1.5,Yes,Yes,8,Yes,Urban,7,Approved
Male,33.17,3.165,Married,Private,Other,Owned,3.165,Yes,Yes,3,Yes,Urban,0,Approved
Male,48.17,7.625,Unmarried,Government,WorkExperience,Rented,15.5,Yes,Yes,12,No,Urban,790,Approved
Male,27.58,2.04,Married,Private,Associate,Owned,2.0,Yes,Yes,3,Yes,Urban,560,Approved
Male,22.58,10.04,Unmarried,Government,Other,Owned,0.04,Yes,Yes,9,No,Urban,396,Approved
Female,24.08,0.5,Unmarried,Government,Qualification,Rented,1.25,Yes,Yes,1,No,Urban,678,Approved
Female,41.33,1.0,Unmarried,Government,Intermediate,Boarded,2.25,Yes,No,0,Yes,Urban,300,Approved
Male,24.83,2.75,Unmarried,Government,College,Owned,2.25,Yes,Yes,6,No,Urban,600,Approved
Female,20.75,10.25,Unmarried,Government,Qualification,Owned,0.71,Yes,Yes,2,Yes,Urban,0,Approved
Male,36.33,2.125,Married,Private,WorkExperience,Owned,0.085,Yes,Yes,1,No,Urban,1187,Approved
Female,35.42,12.0,Unmarried,Government,Qualification,Rented,14.0,Yes,Yes,8,No,Urban,6590,Approved
Female,71.58,0.0,Unmarried,Government,College,Owned,0.0,No,No,0,No,Urban,0,Approved
Male,28.67,9.335,Unmarried,Government,Qualification,Rented,5.665,Yes,Yes,6,No,Urban,168,Approved
Male,35.17,2.5,Unmarried,Government,Kindergarten,Owned,4.5,Yes,Yes,7,No,Urban,1270,Approved
Male,39.5,4.25,Unmarried,Government,College,Boarded,6.5,Yes,Yes,16,No,Urban,1210,Approved
Male,39.33,5.875,Unmarried,Government,CommunityCollege,Rented,10.0,Yes,Yes,14,Yes,Urban,0,Approved
Male,24.33,6.625,Married,Private,Diploma,Owned,5.5,Yes,No,0,Yes,Suburban,0,Approved
Male,60.08,14.5,Unmarried,Government,Fellowship,Freehold,18.0,Yes,Yes,15,Yes,Urban,1000,Approved
Male,23.08,11.5,Unmarried,Government,Intermediate,Owned,3.5,Yes,Yes,9,No,Urban,742,Approved
Male,26.67,2.71,Married,Private,CommunityCollege,Owned,5.25,Yes,Yes,1,No,Urban,0,Approved
Male,48.17,3.5,Unmarried,Government,Associate,Owned,3.5,Yes,No,0,No,Suburban,0,Approved
Male,41.17,4.04,Unmarried,Government,CommunityCollege,Rented,7.0,Yes,Yes,8,No,Urban,0,Approved
Male,55.92,11.5,Unmarried,Government,Fellowship,Freehold,5.0,Yes,Yes,5,No,Urban,8851,Approved
Male,53.92,9.625,Unmarried,Government,Elementary,Owned,8.665,Yes,Yes,5,No,Urban,0,Approved
Female,18.92,9.25,Married,Private,College,Owned,1.0,Yes,Yes,4,Yes,Urban,500,Approved
Female,50.08,12.54,Unmarried,Government,Associate,Owned,2.29,Yes,Yes,3,Yes,Urban,0,Approved
Male,65.42,11.0,Unmarried,Government,Elementary,ZeroOwn,20.0,Yes,Yes,7,Yes,Urban,0,Approved
Female,17.58,9.0,Unmarried,Government,Associate,Owned,1.375,Yes,No,0,Yes,Urban,0,Approved
Female,18.83,9.54,Unmarried,Government,Associate,Owned,0.085,Yes,No,0,No,Urban,0,Approved
Female,37.75,5.5,Unmarried,Government,Qualification,Owned,0.125,Yes,No,0,Yes,Urban,0,Approved
Male,23.25,4.0,Unmarried,Government,College,Boarded,0.25,Yes,No,0,Yes,Urban,0,Approved
Male,18.08,5.5,Unmarried,Government,Kindergarten,Owned,0.5,Yes,No,0,No,Urban,0,Approved
Female,22.5,8.46,Married,Private,Other,Owned,2.46,No,No,0,No,Urban,0,Approved
Male,19.67,0.375,Unmarried,Government,Qualification,Owned,2.0,Yes,Yes,2,Yes,Urban,0,Approved
Male,22.08,11.0,Unmarried,Government,CommunityCollege,Owned,0.665,Yes,No,0,No,Urban,0,Approved
Male,25.17,3.5,Unmarried,Government,CommunityCollege,Owned,0.625,Yes,Yes,7,No,Urban,7059,Approved
Female,47.42,3.0,Unmarried,Government,Other,Owned,13.875,Yes,Yes,2,Yes,Urban,1704,Approved
Male,33.5,1.75,Unmarried,Government,Other,Rented,4.5,Yes,Yes,4,Yes,Urban,857,Approved
Male,27.67,13.75,Unmarried,Government,WorkExperience,Owned,5.75,Yes,No,0,Yes,Urban,500,Approved
Female,58.42,21.0,Unmarried,Government,Intermediate,Boarded,10.0,Yes,Yes,13,No,Urban,6700,Approved
Female,20.67,1.835,Unmarried,Government,Qualification,Owned,2.085,Yes,Yes,5,No,Urban,2503,Approved
Male,26.17,0.25,Unmarried,Government,Intermediate,Boarded,0.0,Yes,No,0,Yes,Urban,0,Approved
Male,21.33,7.5,Unmarried,Government,Associate,Owned,1.415,Yes,Yes,1,No,Urban,9800,Approved
Male,42.83,4.625,Unmarried,Government,Qualification,Owned,4.58,Yes,No,0,No,Suburban,0,Approved
Male,38.17,10.125,Unmarried,Government,Other,Owned,2.5,Yes,Yes,6,No,Urban,196,Approved
Male,20.5,10.0,Married,Private,College,Owned,2.5,Yes,No,0,No,Suburban,0,Approved
Male,48.25,25.085,Unmarried,Government,WorkExperience,Owned,1.75,Yes,Yes,3,No,Urban,14,Approved
Male,28.33,5.0,Unmarried,Government,WorkExperience,Owned,11.0,Yes,No,0,Yes,Urban,0,Approved
Female,18.75,7.5,Unmarried,Government,Qualification,Owned,2.71,Yes,Yes,5,No,Urban,26726,Approved
Male,18.5,2.0,Unmarried,Government,Intermediate,Owned,1.5,Yes,Yes,2,No,Urban,300,Approved
Male,33.17,3.04,Married,Private,College,Rented,2.04,Yes,Yes,1,Yes,Urban,18027,Approved
Male,45.0,8.5,Unmarried,Government,CommunityCollege,Rented,14.0,Yes,Yes,1,Yes,Urban,2000,Approved
Female,19.67,0.21,Unmarried,Government,Qualification,Rented,0.29,Yes,Yes,11,No,Urban,99,Approved
Male,24.5,12.75,Unmarried,Government,College,Boarded,4.75,Yes,Yes,2,No,Urban,444,Approved
Male,21.83,11.0,Unmarried,Government,Other,Owned,0.29,Yes,Yes,6,No,Urban,0,Approved
Male,40.25,21.5,Unmarried,Government,Elementary,ZeroOwn,20.0,Yes,Yes,11,No,Urban,1200,Approved
Male,41.42,5.0,Unmarried,Government,Qualification,Rented,5.0,Yes,Yes,6,Yes,Urban,0,Approved
Female,17.83,11.0,Unmarried,Government,Other,Rented,1.0,Yes,Yes,11,No,Urban,3000,Approved
Male,23.17,11.125,Unmarried,Government,Other,Rented,0.46,Yes,Yes,1,No,Urban,0,Approved
Male,28.46,0.625,Unmarried,Government,Kindergarten,Owned,0.25,No,No,0,No,Urban,2010,NotApproved
Male,18.17,10.25,Unmarried,Government,College,Rented,1.085,No,No,0,No,Urban,13,NotApproved
Male,20.0,11.045,Unmarried,Government,College,Owned,2.0,No,No,0,Yes,Urban,0,NotApproved
Male,20.0,0.0,Unmarried,Government,Diploma,Owned,0.5,No,No,0,No,Urban,0,NotApproved
Female,20.75,9.54,Unmarried,Government,Intermediate,Owned,0.04,No,No,0,No,Urban,1000,NotApproved
Female,24.5,1.75,Married,Private,College,Owned,0.165,No,No,0,No,Urban,0,NotApproved
Male,32.75,2.335,Unmarried,Government,Diploma,Rented,5.75,No,No,0,Yes,Urban,0,NotApproved
Female,52.17,0.0,Married,Private,Fellowship,Freehold,0.0,No,No,0,No,Urban,0,NotApproved
Female,48.17,1.335,Unmarried,Government,Intermediate,Other,0.335,No,No,0,No,Urban,120,NotApproved
Female,20.42,10.5,Married,Private,Other,Rented,0.0,No,No,0,Yes,Urban,32,NotApproved
Male,50.75,0.585,Unmarried,Government,Fellowship,Freehold,0.0,No,No,0,No,Urban,0,NotApproved
Male,17.08,0.085,Married,Private,College,Owned,0.04,No,No,0,No,Urban,722,NotApproved
Male,18.33,1.21,Married,Private,Elementary,DualDependency,0.0,No,No,0,No,Urban,0,NotApproved
Female,32.0,6.0,Unmarried,Government,Diploma,Owned,1.25,No,No,0,No,Urban,0,NotApproved
Male,59.67,1.54,Unmarried,Government,Qualification,Owned,0.125,Yes,No,0,Yes,Urban,0,Approved
Male,18.0,0.165,Unmarried,Government,Qualification,Non-Owner,0.21,No,No,0,No,Urban,40,Approved
Male,37.58,0.0,Unmarried,Government,College,Owned,0.0,No,No,0,No,Urban,0,Approved
Male,32.33,2.5,Unmarried,Government,College,Owned,1.25,No,No,0,Yes,Urban,0,NotApproved
Male,18.08,6.75,Married,Private,Masters,Owned,0.04,No,No,0,No,Urban,0,NotApproved
Male,38.25,10.125,Married,Private,Kindergarten,Owned,0.125,No,No,0,No,Urban,0,NotApproved
Male,30.67,2.5,Unmarried,Government,CommunityCollege,Rented,2.25,No,No,0,Yes,Suburban,0,NotApproved
Male,18.58,5.71,Unmarried,Government,Diploma,Owned,0.54,No,No,0,No,Urban,0,NotApproved
Female,19.17,5.415,Unmarried,Government,Intermediate,Rented,0.29,No,No,0,No,Urban,484,NotApproved
Female,18.17,10.0,Married,Private,Qualification,Rented,0.165,No,No,0,No,Urban,0,NotApproved
Male,24.58,13.5,Married,Private,Fellowship,Freehold,0.0,No,No,0,No,Urban,0,NotApproved
Male,16.25,0.835,Unmarried,Government,Masters,Owned,0.085,Yes,No,0,No,Suburban,0,NotApproved
Male,21.17,0.875,Married,Private,College,Rented,0.25,No,No,0,No,Urban,204,NotApproved
Male,23.92,0.585,Married,Private,CommunityCollege,Rented,0.125,No,No,0,No,Urban,1,NotApproved
Male,17.67,4.46,Unmarried,Government,College,Owned,0.25,No,No,0,No,Suburban,0,NotApproved
Female,16.5,1.25,Unmarried,Government,Qualification,Owned,0.25,No,Yes,1,No,Urban,98,NotApproved
Male,23.25,12.625,Unmarried,Government,College,Owned,0.125,No,Yes,2,No,Urban,5552,NotApproved
Male,17.58,10.0,Unmarried,Government,WorkExperience,Rented,0.165,No,Yes,1,No,Urban,1,NotApproved
Female,28.46,1.5,Unmarried,Government,Fellowship,Freehold,0.0,No,Yes,2,Yes,Urban,105,NotApproved
Male,29.5,0.58,Unmarried,Government,WorkExperience,Owned,0.29,No,Yes,1,No,Urban,2803,NotApproved
Male,18.83,0.415,Married,Private,College,Owned,0.165,No,Yes,1,No,Urban,1,NotApproved
Female,21.75,1.75,Married,Private,Junior,Joint,0.0,No,No,0,No,Urban,0,NotApproved
Male,23.0,0.75,Unmarried,Government,Masters,Owned,0.5,No,No,0,Yes,Suburban,0,NotApproved
Female,18.25,10.0,Unmarried,Government,WorkExperience,Owned,1.0,No,Yes,1,No,Urban,1,NotApproved
Male,25.42,0.54,Unmarried,Government,WorkExperience,Owned,0.165,No,Yes,1,No,Urban,444,NotApproved
Male,35.75,2.415,Unmarried,Government,WorkExperience,Owned,0.125,No,Yes,2,No,Urban,1,NotApproved
Female,16.08,0.335,Unmarried,Government,Fellowship,Freehold,0.0,No,Yes,1,No,Urban,126,NotApproved
Female,31.92,3.125,Unmarried,Government,Fellowship,Freehold,3.04,No,Yes,2,Yes,Urban,4,NotApproved
Male,69.17,9.0,Unmarried,Government,Fellowship,Freehold,4.0,No,Yes,1,No,Urban,6,NotApproved
Male,32.92,2.5,Unmarried,Government,Associate,Owned,1.75,No,Yes,2,Yes,Urban,0,NotApproved
Male,16.33,2.75,Unmarried,Government,Associate,Owned,0.665,No,Yes,1,No,Urban,21,NotApproved
Male,22.17,12.125,Unmarried,Government,College,Owned,3.335,No,Yes,2,Yes,Urban,173,NotApproved
Female,57.58,2.0,Unmarried,Government,Fellowship,Freehold,6.5,No,Yes,1,No,Urban,10,NotApproved
Male,18.25,0.165,Unmarried,Government,Diploma,Owned,0.25,No,No,0,Yes,Suburban,0,NotApproved
Male,23.42,1.0,Unmarried,Government,College,Owned,0.5,No,No,0,Yes,Suburban,0,NotApproved
Female,15.92,2.875,Unmarried,Government,Qualification,Owned,0.085,No,No,0,No,Urban,0,NotApproved
Female,24.75,13.665,Unmarried,Government,Qualification,Rented,1.5,No,No,0,No,Urban,1,NotApproved
Male,48.75,26.335,Married,Private,Fellowship,Freehold,0.0,Yes,No,0,Yes,Urban,0,NotApproved
Male,23.5,2.75,Unmarried,Government,Fellowship,Freehold,4.5,No,No,0,No,Urban,25,NotApproved
Male,18.58,10.29,Unmarried,Government,Fellowship,Freehold,0.415,No,No,0,No,Urban,0,NotApproved
Male,27.75,1.29,Unmarried,Government,Kindergarten,Rented,0.25,No,No,0,Yes,Suburban,0,NotApproved
Female,31.75,3.0,Married,Private,Junior,Joint,0.0,No,No,0,No,Urban,20,NotApproved
Female,24.83,4.5,Unmarried,Government,WorkExperience,Owned,1.0,No,No,0,Yes,Urban,6,NotApproved
Male,19.0,1.75,Married,Private,College,Owned,2.335,No,No,0,Yes,Urban,6,NotApproved
Female,16.33,0.21,Unmarried,Government,Associate,Owned,0.125,No,No,0,No,Urban,1,NotApproved
Female,18.58,10.0,Unmarried,Government,Diploma,Owned,0.415,No,No,0,No,Urban,42,NotApproved
Male,16.25,0.0,Married,Private,Associate,Owned,0.25,No,No,0,No,Urban,0,NotApproved
Male,23.0,0.75,Unmarried,Government,Masters,Owned,0.5,Yes,No,0,Yes,Suburban,0,NotApproved
Male,21.17,0.25,Married,Private,College,Rented,0.25,No,No,0,No,Urban,204,NotApproved
Male,17.5,22.0,Divorced,Other,Fellowship,Other,0.0,No,No,0,Yes,Urban,100000,Approved
Male,19.17,0.0,Married,Private,Masters,Boarded,0.0,No,No,0,Yes,Suburban,1,Approved
Male,36.75,0.125,Married,Private,College,Owned,1.5,No,No,0,Yes,Urban,113,Approved
Male,21.25,1.5,Unmarried,Government,WorkExperience,Owned,1.5,No,No,0,No,Urban,8,Approved
Female,18.08,0.375,Divorced,Other,CommunityCollege,Freehold,10.0,No,No,0,Yes,Suburban,0,Approved
Female,33.67,0.375,Unmarried,Government,CommunityCollege,Owned,0.375,No,No,0,No,Urban,44,Approved
Male,48.58,0.205,Married,Private,Kindergarten,Owned,0.25,Yes,Yes,11,No,Urban,2732,Approved
Male,33.67,1.25,Unmarried,Government,WorkExperience,Owned,1.165,No,No,0,No,Urban,0,NotApproved
Female,29.5,1.085,Married,Private,Other,Owned,1.0,No,No,0,No,Urban,13,NotApproved
Male,30.17,1.085,Married,Private,College,Owned,0.04,No,No,0,No,Urban,179,NotApproved
Male,40.83,3.5,Unmarried,Government,Intermediate,Boarded,0.5,No,No,0,No,Suburban,0,NotApproved
Male,34.83,2.5,Married,Private,WorkExperience,Owned,3.0,No,No,0,No,Suburban,0,NotApproved
Male,28.46,4.0,Married,Private,Intermediate,Owned,0.085,No,No,0,Yes,Urban,0,NotApproved
Male,20.42,0.0,Unmarried,Government,College,Owned,0.0,No,No,0,No,Urban,0,NotApproved
Female,33.25,2.5,Married,Private,College,Owned,2.5,No,No,0,Yes,Urban,2,NotApproved
Male,34.08,2.5,Unmarried,Government,College,Owned,1.0,No,No,0,No,Urban,16,NotApproved
Female,25.25,12.5,Unmarried,Government,Diploma,Owned,1.0,No,No,0,Yes,Urban,1062,NotApproved
Male,34.75,2.5,Unmarried,Government,CommunityCollege,Boarded,0.5,No,No,0,No,Urban,0,NotApproved
Male,27.67,0.75,Unmarried,Government,Qualification,Rented,0.165,No,No,0,Yes,Urban,251,NotApproved
Male,47.33,6.5,Unmarried,Government,College,Owned,1.0,No,No,0,Yes,Urban,228,NotApproved
Female,34.83,1.25,Married,Private,Intermediate,Rented,0.5,No,No,0,Yes,Urban,0,NotApproved
Female,33.25,3.0,Married,Private,Associate,Owned,2.0,No,No,0,No,Urban,0,NotApproved
Male,28.0,3.0,Unmarried,Government,WorkExperience,Owned,0.75,No,No,0,Yes,Urban,67,NotApproved
Female,39.08,4.0,Unmarried,Government,College,Owned,3.0,No,No,0,No,Urban,0,NotApproved
Male,42.75,4.085,Unmarried,Government,Associate,Owned,0.04,No,No,0,No,Urban,100,NotApproved
Male,26.92,2.25,Unmarried,Government,Intermediate,Boarded,0.5,No,No,0,Yes,Urban,4000,NotApproved
Male,33.75,2.75,Unmarried,Government,Intermediate,Boarded,0.0,No,No,0,No,Urban,0,NotApproved
Male,38.92,1.75,Unmarried,Government,Kindergarten,Owned,0.5,No,No,0,Yes,Urban,2,NotApproved
Male,62.75,7.0,Unmarried,Government,Elementary,ZeroOwn,0.0,No,No,0,No,Urban,12,NotApproved
Male,32.25,1.5,Unmarried,Government,College,Owned,0.25,No,No,0,Yes,Urban,122,NotApproved
Male,26.75,4.5,Married,Private,College,Boarded,2.5,No,No,0,No,Urban,1210,NotApproved
Male,63.33,0.54,Unmarried,Government,College,Owned,0.585,Yes,Yes,3,Yes,Urban,0,NotApproved
Male,27.83,1.5,Unmarried,Government,WorkExperience,Owned,2.25,No,Yes,1,Yes,Urban,3,NotApproved
Female,26.17,2.0,Unmarried,Government,Junior,Joint,0.0,No,No,0,Yes,Urban,1,NotApproved
Male,22.17,0.585,Married,Private,Fellowship,Freehold,0.0,No,No,0,No,Urban,0,NotApproved
Male,22.5,11.5,Married,Private,Masters,Owned,1.5,No,No,0,Yes,Urban,4000,NotApproved
Male,30.75,1.585,Unmarried,Government,Diploma,Owned,0.585,No,No,0,Yes,Suburban,0,NotApproved
Male,36.67,2.0,Unmarried,Government,Intermediate,Owned,0.25,No,No,0,Yes,Urban,0,NotApproved
Female,16.0,0.165,Unmarried,Government,Associate,Owned,1.0,No,Yes,2,Yes,Urban,1,NotApproved
Male,41.17,1.335,Unmarried,Government,Diploma,Owned,0.165,No,No,0,No,Urban,0,NotApproved
Female,19.5,0.165,Unmarried,Government,Qualification,Owned,0.04,No,No,0,Yes,Urban,0,NotApproved
Male,32.42,3.0,Unmarried,Government,Diploma,Owned,0.165,No,No,0,Yes,Urban,0,NotApproved
Female,36.75,4.71,Unmarried,Government,Fellowship,Freehold,0.0,No,No,0,No,Urban,0,NotApproved
Female,30.25,5.5,Unmarried,Government,Kindergarten,Owned,5.5,No,No,0,Yes,Suburban,0,NotApproved
Male,23.08,2.5,Unmarried,Government,Fellowship,Freehold,0.085,No,No,0,Yes,Urban,4208,NotApproved
Male,26.83,0.54,Unmarried,Government,Kindergarten,Freehold,0.0,No,No,0,No,Urban,0,NotApproved
Male,16.92,0.335,Married,Private,Kindergarten,Owned,0.29,No,No,0,No,Suburban,0,NotApproved
Male,24.42,2.0,Unmarried,Government,Elementary,DualDependency,0.165,No,Yes,2,No,Urban,1300,NotApproved
Male,42.83,1.25,Unmarried,Government,Masters,Owned,13.875,No,Yes,1,Yes,Urban,112,NotApproved
Female,22.75,6.165,Unmarried,Government,Associate,Owned,0.165,No,No,0,No,Urban,1000,NotApproved
Male,39.42,1.71,Married,Private,Masters,Owned,0.165,No,No,0,No,Suburban,0,NotApproved
Female,23.58,11.5,Married,Private,Kindergarten,Rented,3.0,No,No,0,Yes,Urban,16,NotApproved
Male,21.42,0.75,Married,Private,Research,Non-Owner,0.75,No,No,0,Yes,Urban,2,NotApproved
Male,33.0,2.5,Married,Private,WorkExperience,Owned,7.0,No,No,0,Yes,Urban,0,NotApproved
Male,26.33,13.0,Unmarried,Government,Elementary,DualDependency,0.0,No,No,0,Yes,Urban,1110,NotApproved
Female,45.0,4.585,Unmarried,Government,Kindergarten,Rented,1.0,No,No,0,Yes,Suburban,0,NotApproved
Male,26.25,1.54,Unmarried,Government,WorkExperience,Owned,0.125,No,No,0,No,Urban,0,NotApproved
Male,28.17,0.585,Unmarried,Government,Associate,Owned,0.04,No,No,0,No,Urban,1004,NotApproved
Female,20.83,0.5,Married,Private,Elementary,DualDependency,1.0,No,No,0,No,Urban,0,NotApproved
Male,28.67,14.5,Unmarried,Government,Diploma,Owned,0.125,No,No,0,No,Urban,286,NotApproved
Male,20.67,0.835,Married,Private,College,Owned,2.0,No,No,0,Yes,Suburban,0,NotApproved
Male,34.42,1.335,Unmarried,Government,Intermediate,Boarded,0.125,No,No,0,Yes,Urban,4500,NotApproved
Male,33.58,0.25,Unmarried,Government,Intermediate,Boarded,4.0,No,No,0,Yes,Suburban,0,NotApproved
Male,43.17,5.0,Unmarried,Government,Intermediate,Boarded,2.25,No,No,0,Yes,Urban,0,NotApproved
Female,22.67,7.0,Unmarried,Government,College,Owned,0.165,No,No,0,No,Urban,0,NotApproved
Female,24.33,2.5,Married,Private,Intermediate,Boarded,4.5,No,No,0,No,Urban,456,NotApproved
Female,56.83,4.25,Married,Private,Fellowship,Freehold,5.0,No,No,0,Yes,Urban,4,NotApproved
Male,22.08,11.46,Unmarried,Government,Kindergarten,Owned,1.585,No,No,0,Yes,Urban,1212,NotApproved
Male,34.0,5.5,Married,Private,College,Owned,1.5,No,No,0,Yes,Urban,0,NotApproved
Male,22.58,1.5,Married,Private,Associate,Owned,0.54,No,No,0,Yes,Urban,67,NotApproved
Male,21.17,0.0,Unmarried,Government,College,Owned,0.5,No,No,0,Yes,Suburban,0,NotApproved
Male,26.67,14.585,Unmarried,Government,Intermediate,Boarded,0.0,No,No,0,Yes,Urban,0,NotApproved
Male,22.92,0.17,Unmarried,Government,Masters,Owned,0.085,No,No,0,No,Suburban,0,NotApproved
Male,15.17,7.0,Unmarried,Government,Elementary,Owned,1.0,No,No,0,No,Urban,0,NotApproved
Male,39.92,5.0,Unmarried,Government,Intermediate,Boarded,0.21,No,No,0,No,Urban,0,NotApproved
Male,27.42,12.5,Unmarried,Government,Associate,Boarded,0.25,No,No,0,Yes,Urban,0,NotApproved
Male,24.75,0.54,Unmarried,Government,Masters,Owned,1.0,No,No,0,Yes,Urban,1,NotApproved
Male,41.17,1.25,Married,Private,WorkExperience,Owned,0.25,No,No,0,No,Urban,195,NotApproved
Female,33.08,1.625,Unmarried,Government,Diploma,Owned,0.54,No,No,0,Yes,Urban,0,NotApproved
Male,29.83,2.04,Married,Private,Other,Rented,0.04,No,No,0,No,Urban,1,NotApproved
Female,23.58,0.585,Married,Private,Fellowship,Freehold,0.125,No,No,0,No,Urban,87,NotApproved
Male,26.17,12.5,Married,Private,Kindergarten,Rented,1.25,No,No,0,Yes,Urban,17,NotApproved
Male,31.0,2.085,Unmarried,Government,College,Owned,0.085,No,No,0,No,Urban,0,NotApproved
Male,20.75,5.085,Married,Private,Junior,Owned,0.29,No,No,0,No,Urban,184,NotApproved
Male,28.92,0.375,Unmarried,Government,College,Owned,0.29,No,No,0,No,Urban,140,NotApproved
Female,51.92,6.5,Unmarried,Government,Intermediate,Boarded,3.085,No,No,0,Yes,Urban,0,NotApproved
Female,22.67,0.335,Unmarried,Government,Qualification,Owned,0.75,No,No,0,No,Suburban,0,NotApproved
Male,34.0,5.085,Married,Private,Intermediate,Boarded,1.085,No,No,0,Yes,Urban,0,NotApproved
Female,69.5,6.0,Unmarried,Government,Fellowship,Freehold,0.0,No,No,0,No,Suburban,0,NotApproved
Female,40.33,8.125,Married,Private,Kindergarten,Owned,0.165,No,Yes,2,No,Urban,18,NotApproved
Female,19.58,0.665,Married,Private,College,Owned,1.0,No,Yes,1,No,Urban,2,NotApproved
Male,16.0,3.125,Unmarried,Government,WorkExperience,Owned,0.085,No,Yes,1,No,Urban,6,NotApproved
Male,17.08,0.25,Unmarried,Government,Qualification,Owned,0.335,No,Yes,4,No,Urban,8,NotApproved
Male,31.25,2.835,Unmarried,Government,Fellowship,Freehold,0.0,No,Yes,5,No,Urban,146,NotApproved
Male,25.17,3.0,Unmarried,Government,College,Owned,1.25,No,Yes,1,No,Urban,22,NotApproved
Female,22.67,0.79,Unmarried,Government,Intermediate,Owned,0.085,No,No,0,No,Urban,0,NotApproved
Male,40.58,1.5,Unmarried,Government,Intermediate,Boarded,0.0,No,No,0,No,Suburban,0,NotApproved
Male,22.25,0.46,Unmarried,Government,Kindergarten,Owned,0.125,No,No,0,Yes,Urban,55,NotApproved
Female,22.25,1.25,Married,Private,Fellowship,Freehold,3.25,No,No,0,No,Urban,0,NotApproved
Male,22.5,0.125,Married,Private,Kindergarten,Owned,0.125,No,No,0,No,Urban,70,NotApproved
Male,23.58,1.79,Unmarried,Government,College,Owned,0.54,No,No,0,Yes,Urban,1,NotApproved
Male,38.42,0.705,Unmarried,Government,College,Owned,0.375,No,Yes,2,No,Urban,500,NotApproved
Female,26.58,2.54,Married,Private,Fellowship,Freehold,0.0,No,No,0,Yes,Urban,60,NotApproved
Male,35.0,2.5,Unmarried,Government,Intermediate,Owned,1.0,No,No,0,Yes,Urban,0,NotApproved
Male,20.42,1.085,Unmarried,Government,Qualification,Owned,1.5,No,No,0,No,Urban,7,NotApproved
Male,29.42,1.25,Unmarried,Government,WorkExperience,Owned,1.75,No,No,0,No,Urban,0,NotApproved
Male,26.17,0.835,Unmarried,Government,CommunityCollege,Owned,1.165,No,No,0,No,Urban,0,NotApproved
Male,33.67,2.165,Unmarried,Government,College,Owned,1.5,No,No,0,No,Urban,0,NotApproved
Male,24.58,1.25,Unmarried,Government,College,Owned,0.25,No,No,0,No,Urban,0,NotApproved
Female,27.67,2.04,Unmarried,Government,WorkExperience,Owned,0.25,No,No,0,Yes,Urban,50,NotApproved
Male,37.5,0.835,Unmarried,Government,Elementary,Owned,0.04,No,No,0,No,Urban,5,NotApproved
Male,49.17,2.29,Unmarried,Government,Fellowship,Freehold,0.29,No,No,0,No,Urban,3,NotApproved
Male,33.58,0.335,Married,Private,CommunityCollege,Owned,0.085,No,No,0,No,Urban,0,NotApproved
Male,51.83,3.0,Married,Private,Fellowship,Freehold,1.5,No,No,0,No,Urban,4,NotApproved
Male,22.92,3.165,Married,Private,College,Owned,0.165,No,No,0,No,Urban,1058,NotApproved
Male,21.83,1.54,Unmarried,Government,Kindergarten,Owned,0.085,No,No,0,Yes,Urban,0,NotApproved
Male,25.25,1.0,Unmarried,Government,Associate,Owned,0.5,No,No,0,No,Urban,0,NotApproved
Male,58.58,2.71,Unmarried,Government,College,Owned,2.415,No,No,0,Yes,Urban,0,NotApproved
Male,19.0,0.0,Married,Private,Fellowship,Freehold,0.0,No,Yes,4,No,Urban,1,NotApproved
Male,19.58,0.585,Unmarried,Government,Fellowship,Freehold,0.0,No,Yes,3,No,Urban,769,NotApproved
Female,53.33,0.165,Unmarried,Government,Fellowship,Freehold,0.0,No,No,0,Yes,Suburban,27,NotApproved
Female,27.17,1.25,Unmarried,Government,Fellowship,Freehold,0.0,No,Yes,1,No,Urban,300,NotApproved
Male,25.92,0.875,Unmarried,Government,Kindergarten,Owned,0.375,No,Yes,2,Yes,Urban,3,NotApproved
Male,23.08,0.0,Unmarried,Government,Kindergarten,Owned,1.0,No,Yes,11,No,Suburban,0,NotApproved
Male,39.58,5.0,Unmarried,Government,Fellowship,Freehold,0.0,No,Yes,2,No,Urban,1,NotApproved
Male,30.58,2.71,Married,Private,Masters,Owned,0.125,No,No,0,Yes,Suburban,0,NotApproved
Male,17.25,3.0,Unmarried,Government,Kindergarten,Owned,0.04,No,No,0,Yes,Urban,40,NotApproved
Female,17.67,0.0,Married,Private,Junior,Freehold,0.0,No,No,0,No,Urban,0,NotApproved
Female,28.46,11.25,Unmarried,Government,Fellowship,Freehold,0.0,No,No,0,No,Urban,5200,NotApproved
Male,16.5,0.125,Unmarried,Government,College,Owned,0.165,No,No,0,No,Urban,0,NotApproved
Female,27.33,1.665,Unmarried,Government,Fellowship,Freehold,0.0,No,No,0,No,Urban,1,NotApproved
Male,31.25,1.125,Unmarried,Government,Fellowship,Freehold,0.0,No,Yes,1,No,Urban,19,NotApproved
Male,20.0,7.0,Unmarried,Government,College,Owned,0.5,No,No,0,No,Urban,0,NotApproved
Male,28.46,3.0,Married,Private,Intermediate,Boarded,7.0,No,No,0,No,Urban,1,NotApproved
Male,39.5,1.625,Unmarried,Government,College,Owned,1.5,No,No,0,No,Urban,316,NotApproved
Male,36.5,4.25,Unmarried,Government,Qualification,Owned,3.5,No,No,0,No,Urban,50,NotApproved
Male,29.75,0.665,Unmarried,Government,WorkExperience,Owned,0.25,No,No,0,Yes,Urban,0,NotApproved
Male,52.42,1.5,Unmarried,Government,Diploma,Owned,3.75,No,No,0,Yes,Urban,350,NotApproved
Male,36.17,18.125,Unmarried,Government,WorkExperience,Owned,0.085,No,No,0,No,Urban,3552,NotApproved
Male,34.58,0.0,Unmarried,Government,College,Owned,0.0,No,No,0,No,Urban,0,NotApproved
Male,29.67,0.75,Married,Private,College,Owned,0.04,No,No,0,No,Urban,0,NotApproved
Male,36.17,5.5,Unmarried,Government,Intermediate,Boarded,5.0,No,No,0,No,Urban,687,NotApproved
Male,25.67,0.29,Married,Private,College,Owned,1.5,No,No,0,Yes,Urban,0,NotApproved
Female,24.5,2.415,Married,Private,College,Owned,0.0,No,No,0,No,Urban,0,NotApproved
Male,24.08,0.875,Unmarried,Government,Masters,Owned,0.085,No,Yes,4,No,Urban,1950,NotApproved
Male,21.92,0.5,Unmarried,Government,College,Owned,0.125,No,No,0,No,Urban,0,NotApproved
Female,36.58,0.29,Unmarried,Government,Fellowship,Freehold,0.0,No,Yes,10,No,Urban,18,NotApproved
Female,23.0,1.835,Unmarried,Government,Junior,Joint,0.0,No,Yes,1,No,Urban,53,NotApproved
Female,27.58,3.0,Unmarried,Government,Masters,Owned,2.79,No,Yes,1,Yes,Urban,10,NotApproved
Male,31.08,3.085,Unmarried,Government,College,Owned,2.5,No,Yes,2,Yes,Urban,41,NotApproved
Female,30.42,1.375,Unmarried,Government,WorkExperience,Rented,0.04,No,Yes,3,No,Urban,33,NotApproved
Male,22.08,2.335,Unmarried,Government,Kindergarten,Owned,0.75,No,No,0,No,Urban,0,NotApproved
Male,16.33,4.085,Unmarried,Government,Intermediate,Rented,0.415,No,No,0,Yes,Urban,0,NotApproved
Female,21.92,11.665,Unmarried,Government,Kindergarten,Rented,0.085,No,No,0,No,Urban,5,NotApproved
Male,21.08,4.125,Married,Private,Intermediate,Rented,0.04,No,No,0,No,Urban,100,NotApproved
Male,17.42,6.5,Unmarried,Government,Intermediate,Owned,0.125,No,No,0,No,Urban,100,NotApproved
Male,19.17,4.0,Married,Private,Intermediate,Owned,1.0,No,No,0,Yes,Urban,1000,NotApproved
Male,20.67,0.415,Unmarried,Government,College,Owned,0.125,No,No,0,No,Urban,44,NotApproved
Male,26.75,2.0,Unmarried,Government,Diploma,Owned,0.75,No,No,0,Yes,Urban,0,NotApproved
Male,23.58,0.835,Unmarried,Government,Intermediate,Rented,0.085,No,No,0,Yes,Urban,5,NotApproved
Male,39.17,2.5,Married,Private,Intermediate,Rented,10.0,No,No,0,Yes,Suburban,0,NotApproved
Male,22.75,11.5,Unmarried,Government,Intermediate,Owned,0.415,No,No,0,No,Urban,0,NotApproved
Male,26.5,2.71,Married,Private,College,Owned,0.085,No,No,0,No,Suburban,0,NotApproved
Female,16.92,0.5,Unmarried,Government,Intermediate,Owned,0.165,No,Yes,6,Yes,Urban,35,NotApproved
Male,23.5,3.165,Married,Private,Kindergarten,Owned,0.415,No,Yes,1,Yes,Urban,80,NotApproved
Female,17.33,9.5,Unmarried,Government,Associate,Owned,1.75,No,Yes,10,Yes,Urban,10,NotApproved
Male,23.75,0.415,Married,Private,College,Owned,0.04,No,Yes,2,No,Urban,6,NotApproved
Male,34.67,1.08,Unmarried,Government,Masters,Owned,1.165,No,No,0,No,Suburban,0,NotApproved
Male,74.83,19.0,Married,Private,Fellowship,Freehold,0.04,No,Yes,2,No,Urban,351,NotApproved
Male,28.17,0.125,Married,Private,Kindergarten,Owned,0.085,No,No,0,No,Urban,2100,NotApproved
Male,24.5,13.335,Married,Private,Associate,Owned,0.04,No,No,0,Yes,Urban,475,NotApproved
Male,18.83,3.54,Married,Private,Fellowship,Freehold,0.0,No,No,0,Yes,Urban,1,NotApproved
Male,45.33,1.0,Unmarried,Government,Qualification,Owned,0.125,No,No,0,Yes,Urban,0,NotApproved
Female,47.25,0.75,Unmarried,Government,Qualification,Rented,2.75,Yes,Yes,1,No,Urban,892,Approved
Male,24.17,0.875,Unmarried,Government,Qualification,Owned,4.625,Yes,Yes,2,Yes,Urban,2000,Approved
Male,39.25,9.5,Unmarried,Government,Masters,Owned,6.5,Yes,Yes,14,No,Urban,4607,Approved
Female,20.5,11.835,Unmarried,Government,College,Rented,6.0,Yes,No,0,No,Urban,0,Approved
Female,18.83,4.415,Married,Private,College,Rented,3.0,Yes,No,0,No,Urban,0,Approved
Male,19.17,9.5,Unmarried,Government,WorkExperience,Owned,1.5,Yes,No,0,No,Urban,2206,Approved
Female,25.0,0.875,Unmarried,Government,Other,Rented,1.04,Yes,No,0,Yes,Urban,5860,Approved
Male,20.17,9.25,Unmarried,Government,College,Owned,1.665,Yes,Yes,3,Yes,Urban,28,Approved
Male,25.75,0.5,Unmarried,Government,College,Owned,1.46,Yes,Yes,5,Yes,Urban,0,Approved
Male,20.42,7.0,Unmarried,Government,College,Owned,1.625,Yes,Yes,3,No,Urban,1391,Approved
Male,28.46,4.0,Unmarried,Government,Other,Owned,5.0,Yes,Yes,3,Yes,Urban,2279,Approved
Male,39.0,5.0,Unmarried,Government,CommunityCollege,Owned,3.5,Yes,Yes,10,Yes,Urban,0,Approved
Female,64.08,0.165,Unmarried,Government,Fellowship,Freehold,0.0,Yes,Yes,1,No,Urban,100,Approved
Male,28.25,5.125,Unmarried,Government,Other,Owned,4.75,Yes,Yes,2,No,Urban,7,Approved
Female,28.75,3.75,Unmarried,Government,College,Owned,1.085,Yes,Yes,1,Yes,Urban,0,Approved
Male,31.33,19.5,Unmarried,Government,College,Owned,7.0,Yes,Yes,16,No,Urban,5000,Approved
Female,18.92,9.0,Unmarried,Government,Associate,Owned,0.75,Yes,Yes,2,No,Urban,591,Approved
Female,24.75,3.0,Unmarried,Government,Qualification,Rented,1.835,Yes,Yes,19,No,Urban,500,Approved
Female,30.67,12.0,Unmarried,Government,College,Owned,2.0,Yes,Yes,1,No,Urban,19,Approved
Male,21.0,4.79,Married,Private,WorkExperience,Owned,2.25,Yes,Yes,1,Yes,Urban,300,Approved
Male,13.75,4.0,Married,Private,WorkExperience,Owned,1.75,Yes,Yes,2,Yes,Urban,1000,Approved
Female,46.0,4.0,Unmarried,Government,Junior,Joint,0.0,Yes,No,0,No,Urban,960,Approved
Female,44.33,0.0,Unmarried,Government,College,Owned,2.5,Yes,No,0,No,Urban,0,Approved
Male,20.25,9.96,Unmarried,Government,Elementary,DualDependency,0.0,Yes,No,0,No,Urban,0,Approved
Male,22.67,2.54,Married,Private,College,Rented,2.585,Yes,No,0,No,Urban,0,Approved
Male,28.46,10.5,Unmarried,Government,Other,Owned,6.5,Yes,No,0,No,Urban,0,Approved
Female,60.92,5.0,Unmarried,Government,Associate,Owned,4.0,Yes,Yes,4,No,Urban,99,Approved
Male,16.08,0.75,Unmarried,Government,College,Owned,1.75,Yes,Yes,5,Yes,Urban,690,Approved
Female,28.17,0.375,Unmarried,Government,Qualification,Owned,0.585,Yes,Yes,4,No,Urban,0,Approved
Male,39.17,1.71,Unmarried,Government,Other,Owned,0.125,Yes,Yes,5,Yes,Urban,0,Approved
Male,20.42,7.5,Unmarried,Government,Kindergarten,Owned,1.5,Yes,Yes,1,No,Urban,234,Approved
Female,30.0,5.29,Unmarried,Government,Elementary,DualDependency,2.25,Yes,Yes,5,Yes,Urban,500,Approved
Male,22.83,3.0,Unmarried,Government,Masters,Owned,1.29,Yes,Yes,1,No,Urban,800,Approved
Female,22.5,8.5,Unmarried,Government,Qualification,Owned,1.75,Yes,Yes,10,No,Urban,990,NotApproved
Female,28.58,1.665,Unmarried,Government,Qualification,Owned,2.415,Yes,No,0,Yes,Urban,0,NotApproved
Male,45.17,1.5,Unmarried,Government,College,Owned,2.5,Yes,No,0,Yes,Urban,0,NotApproved
Male,41.58,1.75,Unmarried,Government,Kindergarten,Owned,0.21,Yes,No,0,No,Urban,0,NotApproved
Female,57.08,0.335,Unmarried,Government,Intermediate,Boarded,1.0,Yes,No,0,Yes,Urban,2197,NotApproved
Female,55.75,7.08,Unmarried,Government,Kindergarten,Rented,6.75,Yes,Yes,3,Yes,Urban,50,NotApproved
Male,43.25,25.21,Unmarried,Government,Qualification,Rented,0.21,Yes,Yes,1,No,Urban,90,NotApproved
Female,25.33,2.085,Unmarried,Government,College,Rented,2.75,Yes,No,0,Yes,Urban,1,NotApproved
Female,24.58,0.67,Unmarried,Government,Associate,Rented,1.75,Yes,No,0,No,Urban,0,NotApproved
Male,43.17,2.25,Unmarried,Government,Intermediate,Boarded,0.75,Yes,No,0,No,Urban,0,NotApproved
Male,40.92,0.835,Unmarried,Government,Fellowship,Freehold,0.0,Yes,No,0,No,Urban,1,NotApproved
Male,31.83,2.5,Unmarried,Government,Associate,Owned,7.5,Yes,No,0,Yes,Urban,0,NotApproved
Female,33.92,1.585,Married,Private,Fellowship,Freehold,0.0,Yes,No,0,No,Urban,0,NotApproved
Female,24.92,1.25,Unmarried,Government,Fellowship,Freehold,0.0,Yes,No,0,No,Urban,0,NotApproved
Male,35.25,3.165,Unmarried,Government,Other,Rented,3.75,Yes,No,0,Yes,Urban,0,NotApproved
Male,34.25,1.75,Unmarried,Government,WorkExperience,Boarded,0.25,Yes,No,0,Yes,Urban,0,NotApproved
Male,80.25,5.5,Unmarried,Government,College,Owned,0.54,Yes,No,0,No,Urban,340,NotApproved
Male,19.42,1.5,Married,Private,CommunityCollege,Owned,2.0,Yes,No,0,Yes,Urban,20,NotApproved
Male,42.75,3.0,Unmarried,Government,Intermediate,Boarded,1.0,Yes,No,0,No,Urban,200,NotApproved
Male,19.67,10.0,Married,Private,Kindergarten,Rented,0.835,Yes,No,0,Yes,Urban,0,NotApproved
Male,36.33,3.79,Unmarried,Government,WorkExperience,Owned,1.165,Yes,No,0,Yes,Urban,0,NotApproved
Male,30.08,1.04,Married,Private,Intermediate,Boarded,0.5,Yes,Yes,10,Yes,Urban,28,NotApproved
Male,44.25,11.0,Married,Private,Diploma,Owned,1.5,Yes,No,0,No,Suburban,0,NotApproved
Male,23.58,0.46,Married,Private,WorkExperience,Owned,2.625,Yes,Yes,6,Yes,Urban,347,NotApproved
Male,23.92,1.5,Unmarried,Government,Diploma,Rented,1.875,Yes,Yes,6,No,Urban,327,Approved
Male,33.17,1.0,Unmarried,Government,Other,Owned,0.75,Yes,Yes,7,Yes,Urban,4071,Approved
Male,48.33,12.0,Unmarried,Government,Masters,Owned,16.0,Yes,No,0,No,Suburban,0,Approved
Male,76.75,22.29,Unmarried,Government,Elementary,ZeroOwn,12.75,Yes,Yes,1,Yes,Urban,109,Approved
Male,51.33,10.0,Unmarried,Government,Intermediate,Boarded,0.0,Yes,Yes,11,No,Urban,1249,Approved
Male,34.75,15.0,Unmarried,Government,Research,Non-Owner,5.375,Yes,Yes,9,Yes,Urban,134,Approved
Male,38.58,3.335,Unmarried,Government,WorkExperience,Owned,4.0,Yes,Yes,14,No,Urban,1344,Approved
Female,22.42,11.25,Married,Private,Other,Rented,0.75,Yes,Yes,4,No,Urban,321,Approved
Male,41.92,0.42,Unmarried,Government,College,Rented,0.21,Yes,Yes,6,No,Urban,948,Approved
Male,29.58,4.5,Unmarried,Government,WorkExperience,Owned,7.5,Yes,Yes,2,Yes,Urban,0,Approved
Female,32.17,1.46,Unmarried,Government,WorkExperience,Owned,1.085,Yes,Yes,16,No,Urban,2079,Approved
Male,51.42,0.04,Unmarried,Government,Other,Rented,0.04,Yes,No,0,No,Urban,3000,Approved
Female,22.83,2.29,Unmarried,Government,Qualification,Rented,2.29,Yes,Yes,7,Yes,Urban,2384,Approved
Female,25.0,12.33,Unmarried,Government,CommunityCollege,Rented,3.5,Yes,Yes,6,No,Urban,458,Approved
Male,26.75,1.125,Unmarried,Government,Other,Rented,1.25,Yes,No,0,No,Urban,5298,Approved
Male,23.33,1.5,Unmarried,Government,College,Rented,1.415,Yes,No,0,No,Urban,200,Approved
Male,24.42,12.335,Unmarried,Government,Qualification,Rented,1.585,Yes,No,0,Yes,Urban,0,Approved
Male,42.17,5.04,Unmarried,Government,Qualification,Rented,12.75,Yes,No,0,Yes,Urban,0,Approved
Female,20.83,3.0,Unmarried,Government,Associate,Owned,0.04,Yes,No,0,No,Urban,0,Approved
Male,23.08,11.5,Unmarried,Government,WorkExperience,Rented,2.125,Yes,Yes,11,Yes,Urban,284,Approved
Female,25.17,2.875,Unmarried,Government,Other,Rented,0.875,Yes,No,0,No,Urban,0,Approved
Male,43.08,0.375,Married,Private,College,Owned,0.375,Yes,Yes,8,Yes,Urban,162,Approved
Female,35.75,0.915,Unmarried,Government,Associate,Owned,0.75,Yes,Yes,4,No,Urban,1583,Approved
Male,59.5,2.75,Unmarried,Government,WorkExperience,Owned,1.75,Yes,Yes,5,Yes,Urban,58,Approved
Male,21.0,3.0,Married,Private,Diploma,Owned,1.085,Yes,Yes,8,Yes,Urban,1,Approved
Male,21.92,0.54,Married,Private,Other,Owned,0.04,Yes,Yes,1,Yes,Urban,59,Approved
Female,65.17,14.0,Unmarried,Government,Fellowship,Freehold,0.0,Yes,Yes,11,Yes,Urban,1400,Approved
Female,20.33,10.0,Unmarried,Government,College,Rented,1.0,Yes,Yes,4,No,Urban,1465,Approved
Male,32.25,0.165,Married,Private,College,Rented,3.25,Yes,Yes,1,Yes,Urban,8000,Approved
Male,30.17,0.5,Unmarried,Government,College,Owned,1.75,Yes,Yes,11,No,Urban,540,Approved
Male,25.17,6.0,Unmarried,Government,College,Owned,1.0,Yes,Yes,3,No,Urban,0,Approved
Male,39.17,1.625,Unmarried,Government,College,Owned,1.5,Yes,Yes,10,No,Urban,4700,Approved
Male,39.08,6.0,Unmarried,Government,Masters,Owned,1.29,Yes,Yes,5,Yes,Urban,1097,Approved
Male,31.67,0.83,Unmarried,Government,Other,Owned,1.335,Yes,Yes,8,Yes,Urban,3290,Approved
Male,41.0,0.04,Unmarried,Government,Elementary,Owned,0.04,No,Yes,1,No,Suburban,0,Approved
Male,48.5,4.25,Unmarried,Government,Masters,Owned,0.125,Yes,No,0,Yes,Urban,0,Approved
Male,32.67,9.0,Married,Private,WorkExperience,Rented,5.25,Yes,No,0,Yes,Urban,0,Approved
Female,28.08,15.0,Married,Private,Elementary,ZeroOwn,0.0,Yes,No,0,No,Urban,13212,Approved
Male,73.42,17.75,Unmarried,Government,Fellowship,Freehold,0.0,Yes,No,0,Yes,Urban,0,Approved
Male,64.08,20.0,Unmarried,Government,Other,Rented,17.5,Yes,Yes,9,Yes,Urban,1000,Approved
Male,51.58,15.0,Unmarried,Government,College,Owned,8.5,Yes,Yes,9,No,Urban,0,Approved
Male,26.67,1.75,Married,Private,College,Owned,1.0,Yes,Yes,5,Yes,Urban,5777,Approved
Male,25.33,0.58,Unmarried,Government,College,Owned,0.29,Yes,Yes,7,Yes,Urban,5124,Approved
Male,30.17,6.5,Unmarried,Government,CommunityCollege,Owned,3.125,Yes,Yes,8,No,Urban,1200,Approved
Male,27.0,0.75,Unmarried,Government,College,Rented,4.25,Yes,Yes,3,Yes,Urban,150,Approved
Male,23.17,0.0,Unmarried,Government,College,Owned,0.0,No,No,0,No,Urban,0,Approved
Male,34.17,5.25,Unmarried,Government,WorkExperience,Owned,0.085,No,No,0,Yes,Urban,6,Approved
Male,38.67,0.21,Unmarried,Government,Kindergarten,Owned,0.085,Yes,No,0,Yes,Urban,0,Approved
Male,25.75,0.75,Unmarried,Government,College,Boarded,0.25,Yes,No,0,No,Urban,23,Approved
Female,46.08,3.0,Unmarried,Government,College,Owned,2.375,Yes,Yes,8,Yes,Urban,4159,Approved
Female,21.5,6.0,Unmarried,Government,Associate,Owned,2.5,Yes,Yes,3,No,Urban,918,Approved
Male,20.08,0.125,Unmarried,Government,Qualification,Owned,1.0,No,Yes,1,No,Urban,768,Approved
Male,20.5,2.415,Unmarried,Government,College,Owned,2.0,Yes,Yes,11,Yes,Urban,3000,Approved
Female,29.5,0.46,Unmarried,Government,Kindergarten,Owned,0.54,Yes,Yes,4,No,Urban,500,Approved
Male,42.25,1.75,Married,Private,College,Owned,0.0,No,No,0,Yes,Urban,1,NotApproved
Male,29.83,1.25,Married,Private,Kindergarten,Owned,0.25,No,No,0,No,Urban,0,NotApproved
Male,20.08,0.25,Unmarried,Government,Qualification,Owned,0.125,No,No,0,No,Urban,0,NotApproved
Male,23.42,0.585,Unmarried,Government,College,Rented,0.085,Yes,No,0,No,Urban,0,NotApproved
Female,29.58,1.75,Married,Private,Kindergarten,Owned,1.25,No,No,0,Yes,Urban,0,NotApproved
Male,16.17,0.04,Unmarried,Government,College,Owned,0.04,No,No,0,No,Urban,0,Approved
Male,32.33,3.5,Unmarried,Government,Kindergarten,Owned,0.5,No,No,0,Yes,Urban,0,NotApproved
Male,28.46,0.04,Married,Private,Diploma,Owned,4.25,No,No,0,Yes,Urban,0,NotApproved
Male,47.83,4.165,Unmarried,Government,Other,Boarded,0.085,No,No,0,Yes,Urban,0,NotApproved
Male,20.0,1.25,Married,Private,Kindergarten,Owned,0.125,No,No,0,No,Urban,4,NotApproved
Male,27.58,3.25,Married,Private,Qualification,Rented,5.085,No,Yes,2,Yes,Urban,1,NotApproved
Male,22.0,0.79,Unmarried,Government,WorkExperience,Owned,0.29,No,Yes,1,No,Urban,283,NotApproved
Male,19.33,10.915,Unmarried,Government,College,Boarded,0.585,No,Yes,2,Yes,Urban,7,NotApproved
Female,38.33,4.415,Unmarried,Government,College,Owned,0.125,No,No,0,No,Urban,0,NotApproved
Male,29.42,1.25,Unmarried,Government,College,Rented,0.25,No,Yes,2,Yes,Urban,108,NotApproved
Male,22.67,0.75,Unmarried,Government,Intermediate,Owned,1.585,No,Yes,1,Yes,Urban,9,NotApproved
Male,32.25,14.0,Married,Private,Fellowship,Freehold,0.0,No,Yes,2,No,Urban,1,NotApproved
Male,29.58,4.75,Unmarried,Government,Masters,Owned,2.0,No,Yes,1,Yes,Urban,68,NotApproved
Male,18.42,10.415,Married,Private,Associate,Owned,0.125,Yes,No,0,No,Urban,375,NotApproved
Male,22.17,2.25,Unmarried,Government,Intermediate,Owned,0.125,No,No,0,No,Urban,10,NotApproved
Male,22.67,0.165,Unmarried,Government,College,Joint,2.25,No,No,0,Yes,Suburban,0,Approved
Female,25.58,0.0,Unmarried,Government,College,Owned,0.0,No,No,0,No,Urban,0,Approved
Male,18.83,0.0,Unmarried,Government,Qualification,Owned,0.665,No,No,0,No,Urban,1,NotApproved
Male,21.58,0.79,Married,Private,CommunityCollege,Owned,0.665,No,No,0,No,Urban,0,NotApproved
Male,23.75,12.0,Unmarried,Government,College,Owned,2.085,No,No,0,No,Suburban,0,NotApproved
Male,22.0,7.835,Married,Private,Intermediate,Boarded,0.165,No,No,0,Yes,Urban,0,NotApproved
Male,36.08,2.54,Unmarried,Government,Fellowship,Freehold,0.0,No,No,0,No,Urban,1000,NotApproved
Male,29.25,13.0,Unmarried,Government,Diploma,Rented,0.5,No,No,0,No,Urban,0,NotApproved
Female,19.58,0.665,Unmarried,Government,WorkExperience,Owned,1.665,No,No,0,No,Urban,5,NotApproved
Female,22.92,1.25,Unmarried,Government,Qualification,Owned,0.25,No,No,0,Yes,Urban,809,NotApproved
Female,27.25,0.29,Unmarried,Government,Masters,Rented,0.125,No,Yes,1,Yes,Urban,108,NotApproved
Female,38.75,1.5,Unmarried,Government,Fellowship,Freehold,0.0,No,No,0,No,Urban,0,NotApproved
Male,32.42,2.165,Married,Private,Kindergarten,Freehold,0.0,No,No,0,No,Urban,0,NotApproved
Female,23.75,0.71,Unmarried,Government,WorkExperience,Owned,0.25,No,Yes,1,Yes,Urban,4,NotApproved
Male,18.17,2.46,Unmarried,Government,College,Non-Owner,0.96,No,Yes,2,Yes,Urban,587,NotApproved
Male,40.92,0.5,Married,Private,Masters,Owned,0.5,No,No,0,Yes,Urban,0,NotApproved
Male,19.5,9.585,Unmarried,Government,Associate,Owned,0.79,No,No,0,No,Urban,350,NotApproved
Male,28.58,3.625,Unmarried,Government,Associate,Owned,0.25,No,No,0,Yes,Urban,0,NotApproved
Male,35.58,0.75,Unmarried,Government,Kindergarten,Owned,1.5,No,No,0,Yes,Urban,0,NotApproved
Male,34.17,2.75,Unmarried,Government,Intermediate,Boarded,2.5,No,No,0,Yes,Urban,200,NotApproved
Male,33.17,2.25,Married,Private,CommunityCollege,Owned,3.5,No,No,0,Yes,Urban,141,NotApproved
Male,31.58,0.75,Married,Private,Associate,Owned,3.5,No,No,0,Yes,Urban,0,NotApproved
Female,52.5,7.0,Unmarried,Government,Associate,Rented,3.0,No,No,0,No,Urban,0,NotApproved
Male,36.17,0.42,Married,Private,WorkExperience,Owned,0.29,No,No,0,Yes,Urban,2,NotApproved
Male,37.33,2.665,Unmarried,Government,CommunityCollege,Owned,0.165,No,No,0,Yes,Urban,501,NotApproved
Female,20.83,8.5,Unmarried,Government,College,Owned,0.165,No,No,0,No,Urban,351,NotApproved
Male,24.08,9.0,Unmarried,Government,Associate,Owned,0.25,No,No,0,Yes,Urban,0,NotApproved
Male,25.58,0.335,Unmarried,Government,Kindergarten,Rented,3.5,No,No,0,Yes,Urban,0,NotApproved
Female,35.17,3.75,Unmarried,Government,Fellowship,Freehold,0.0,No,Yes,6,No,Urban,200,NotApproved
Male,48.08,3.75,Unmarried,Government,Intermediate,Boarded,1.0,No,No,0,No,Urban,2,NotApproved
Female,15.83,7.625,Unmarried,Government,Qualification,Owned,0.125,No,Yes,1,Yes,Urban,160,NotApproved
Female,22.5,0.415,Unmarried,Government,Intermediate,Owned,0.335,No,No,0,Yes,Suburban,0,NotApproved
Male,21.5,11.5,Unmarried,Government,Intermediate,Owned,0.5,Yes,No,0,Yes,Urban,68,NotApproved
Female,23.58,0.83,Unmarried,Government,Qualification,Owned,0.415,No,Yes,1,Yes,Urban,11,NotApproved
Female,21.08,5.0,Married,Private,Fellowship,Freehold,0.0,No,No,0,No,Urban,0,NotApproved
Male,25.67,3.25,Unmarried,Government,College,Rented,2.29,No,Yes,1,Yes,Urban,21,NotApproved
Female,38.92,1.665,Unmarried,Government,Associate,Owned,0.25,No,No,0,No,Urban,390,NotApproved
Female,15.75,0.375,Unmarried,Government,College,Owned,1.0,No,No,0,No,Urban,18,NotApproved
Female,28.58,3.75,Unmarried,Government,College,Owned,0.25,No,Yes,1,Yes,Urban,154,NotApproved
Male,22.25,9.0,Unmarried,Government,Associate,Owned,0.085,No,No,0,No,Urban,0,NotApproved
Male,29.83,3.5,Unmarried,Government,College,Owned,0.165,No,No,0,No,Urban,0,NotApproved
Female,23.5,1.5,Unmarried,Government,WorkExperience,Owned,0.875,No,No,0,Yes,Urban,0,NotApproved
Male,32.08,4.0,Married,Private,CommunityCollege,Owned,1.5,No,No,0,Yes,Urban,0,NotApproved
Male,31.08,1.5,Married,Private,WorkExperience,Owned,0.04,No,No,0,No,Suburban,0,NotApproved
Male,31.83,0.04,Married,Private,Masters,Owned,0.04,No,No,0,No,Urban,0,NotApproved
Female,21.75,11.75,Unmarried,Government,College,Owned,0.25,No,No,0,Yes,Urban,0,NotApproved
Female,17.92,0.54,Unmarried,Government,College,Owned,1.75,No,Yes,1,Yes,Urban,5,NotApproved
Male,30.33,0.5,Unmarried,Government,Diploma,Rented,0.085,No,No,0,Yes,Suburban,0,NotApproved
Male,51.83,2.04,Married,Private,Fellowship,Freehold,1.5,No,No,0,No,Urban,1,NotApproved
Male,47.17,5.835,Unmarried,Government,WorkExperience,Owned,5.5,No,No,0,No,Urban,150,NotApproved
Male,25.83,12.835,Unmarried,Government,CommunityCollege,Owned,0.5,No,No,0,No,Urban,2,NotApproved
Female,50.25,0.835,Unmarried,Government,Associate,Owned,0.5,No,No,0,Yes,Urban,117,NotApproved
Male,29.5,2.0,Married,Private,Elementary,Rented,2.0,No,No,0,No,Urban,17,NotApproved
Female,37.33,2.5,Unmarried,Government,Intermediate,Rented,0.21,No,No,0,No,Urban,246,NotApproved
Female,41.58,1.04,Unmarried,Government,Associate,Owned,0.665,No,No,0,No,Urban,237,NotApproved
Female,30.58,10.665,Unmarried,Government,Qualification,Rented,0.085,No,Yes,12,Yes,Urban,3,NotApproved
Male,19.42,7.25,Unmarried,Government,Masters,Owned,0.04,No,Yes,1,No,Urban,1,NotApproved
Female,17.92,10.21,Unmarried,Government,Fellowship,Freehold,0.0,No,No,0,No,Urban,50,NotApproved
Female,20.08,1.25,Unmarried,Government,College,Owned,0.0,No,No,0,No,Urban,0,NotApproved
Male,19.5,0.29,Unmarried,Government,Kindergarten,Owned,0.29,No,No,0,No,Urban,364,NotApproved
Male,27.83,1.0,Married,Private,Diploma,Rented,3.0,No,No,0,No,Urban,537,NotApproved
Male,17.08,3.29,Unmarried,Government,Intermediate,Owned,0.335,No,No,0,Yes,Urban,2,NotApproved
Male,36.42,0.75,Married,Private,Diploma,Owned,0.585,No,No,0,No,Urban,3,NotApproved
Male,40.58,3.29,Unmarried,Government,Masters,Owned,3.5,No,No,0,Yes,Suburban,0,NotApproved
Male,21.08,10.085,Married,Private,Elementary,Rented,1.25,No,No,0,No,Urban,0,NotApproved
Female,22.67,0.75,Unmarried,Government,College,Owned,2.0,No,Yes,2,Yes,Urban,394,NotApproved
Female,25.25,13.5,Married,Private,Fellowship,Freehold,2.0,No,Yes,1,Yes,Urban,1,NotApproved
Male,17.92,0.205,Unmarried,Government,Associate,Owned,0.04,No,No,0,No,Urban,750,NotApproved
Male,35.0,3.375,Unmarried,Government,College,Rented,8.29,No,No,0,Yes,Urban,0,NotApproved
